{
  "timestamp": "20250715_131943",
  "model_path": "roberta-bias-classifier",
  "test_size": 3262,
  "accuracy": 0.5968730839975476,
  "f1_macro": 0.5641524330070246,
  "f1_weighted": 0.5912665651905087,
  "precision_macro": 0.5842411231647927,
  "recall_macro": 0.5547236126089524,
  "precision_weighted": 0.5931516237913055,
  "recall_weighted": 0.5968730839975476,
  "per_class_precision": [
    0.566079295154185,
    0.630057803468208,
    0.5565862708719852
  ],
  "per_class_recall": [
    0.40282131661442006,
    0.7073329007138222,
    0.554016620498615
  ],
  "per_class_f1": [
    0.4706959706959707,
    0.6664628553959034,
    0.5552984729291994
  ],
  "per_class_support": [
    638,
    1541,
    1083
  ],
  "confusion_matrix": [
    [
      257,
      232,
      149
    ],
    [
      122,
      1090,
      329
    ],
    [
      75,
      408,
      600
    ]
  ],
  "label_mapping": {
    "id2label": {
      "0": "center",
      "1": "left",
      "2": "right"
    },
    "label2id": {
      "center": 0,
      "left": 1,
      "right": 2
    }
  }
}